{"AHUJA": "162",
    "BOHR": "152",
    "COLEMAN": "185",
    "DUGGAN": "150",
    "EVANS": "156",
    "FRANCE": "148",
    "HUDSON": "149",
    "MITCHELL": "147",
    "MOLINA": "333",
    "O'CONNOR": "181",
    "STAUDT": "168",
    "WEBER": "183",
    "WOODWARD": "146",
    "MARQUEZ": "173",
    "BREWER": "177",
    "FAASEN": "220",
    "GRYSEELS": "210",
    "HANNEKE": "222",
    "MEDER": "218",
    "NIELSEN": "212",
    "VALDEZ": "216",
    "GUITTAR": "214",
    "MUELLER": "222",
    "BALDWIN": "264",
    "CUNNINGHAM": "257",
    "DEFINE": "268",
    "DESHURLEY": "248",
    "DEYOUNG": "249",
    "HARDY": "266",
    "KILE": "250",
    "KLINGENSMITH": "244",
    "KOCH": "262",
    "KOEHLER": "246",
    "NOONAN": "245",
    "PIKE": "260",
    "RODGERS": "331",
    "DARST": "238",
    "FISCHER": "304",
    "GIBBS": "243",
    "HAHN": "336",
    "HAYDEN": "225",
    "HOBSON": "221",
    "HRUBY": "326",
    "HUFF": "342",
    "HUSEMAN": "228",
    "KIMBALL": "232",
    "LEFORS": "231",
    "MALACH": "238",
    "MOORE": "236",
    "SCHIERBECKER": "306",
    "SHAW": "223",
    "SIEBELS": "230",
    "ANDERSON": "308",
    "BEHLMANN": "313",
    "BLANC": "314",
    "BOUQUET": "311",
    "DAVITZ": "340",
    "HERMANN": "309",
    "JACKSON": "338",
    "KLEM": "319",
    "KRETZ": "320",
    "LANE": "307",
    "MURRAY": "311",
    "OFEM": "317",
    "RUHLAND": "310",
    "SANTEN": "321",
    "VOELKER": "302",
    "WALLIS": "322",
    "DUNCAN": "104",
    "GAMACHE": "103",
    "KOENEKER": "118",
    "MANKUS": "102",
    "SHORT": "126",
    "BOSCHERT": "111",
    "FRITZ": "101",
    "LOWE": "9",
    "MIELOCH": "123",
    "MOYER": "9",
    "SHANKER": "9",
    "GARDNER": "144",
    "NADLER": "142",
    "RUESCHHOFF": "140",
    "TROST": "176",
    "FINK": "224",
    "FITZPATRICK": "8",
    "FRAZIER": "26A",
    "OLSON": "26",
    "AUTEN": "204",
    "BRINKER": "202",
    "COOK": "211",
    "FARMER": "203",
    "GOUGH": "203",
    "HAYES": "200",
    "LUETKENHAUS": "201",
    "BAUER": "WGHT/GYM",
    "DARRAH": "GYM",
    "GROVES": "GYM",
    "HAYNES": "120/WGHT",
    "O'BRYAN": "GYM",
    "OETTING": "GYM",
    "TWICHELL": "247",
    "AMLONG": "100G",
    "ATKINS": "268",
    "BUCHNER": "179",
    "CARL": "100C",
    "CASTLE": "323",
    "GANO": "100A",
    "HASEKAMP": "100A",
    "JOHNSON": "257",
    "JONES": "100H",
    "MARTIN": "164",
    "MICHELETTI": "246",
    "MURCHISON": "100F",
    "MYERS": "100D",
    "A.PECORARO": "211/247",
    "K.PECORARO": "100E",
    "SPIES": "100J",
    "SWINGLER": "100B",
    "TUCK": "100M",
    "WILLIAMS": "100B"}


